R,IR,G,RES
100,150,51,0
200,200,52,0
300,250,53,0
400,300,54,0
500,350,55,0
600,400,56,0
700,450,57,0
800,500,58,0
900,550,59,0
1000,600,60,0
1100,650,61,0
1200,700,62,0
1300,750,63,0
1400,800,64,0
1500,850,65,0
1600,900,66,0
1700,950,67,0
1800,1000,68,0
1900,1050,69,0
2000,1100,70,0
2100,1150,71,0
2200,1200,72,0
2300,1250,73,0
2400,1300,74,0
2500,1350,75,0
2600,1400,76,0
2700,1450,77,0
2800,1500,78,0
2900,1550,79,0
3000,1600,80,0
3100,1650,81,0
3200,1700,82,0
3300,1750,83,0
3400,1800,84,0
3500,1850,85,0
3600,1900,86,0
3700,1950,87,0
3800,2000,88,0
3900,2050,89,0
4000,2100,90,0
4100,2150,91,0
4200,2200,92,0
4300,2250,93,0
4400,2300,94,0
4500,2350,95,0
4600,2400,96,0
4700,2450,97,0
4800,2500,98,0
4900,2550,99,0
5000,2600,100,0
5100,2650,101,0
5200,2700,102,0
5300,2750,103,0
5400,2800,104,0
5500,2850,105,0
5600,2900,106,0
5700,2950,107,0
5800,3000,108,0
5900,3050,109,0
6000,3100,110,0
6100,3150,111,0
6200,3200,112,0
6300,3250,113,0
6400,3300,114,0
6500,3350,115,0
6600,3400,116,0
6700,3450,117,0
6800,3500,118,0
6900,3550,119,0
7000,3600,120,0
7100,3650,121,0
7200,3700,122,0
7300,3750,123,0
7400,3800,124,0
7500,3850,125,0
7600,3900,126,0
7700,3950,127,0
7800,4000,128,0
7900,4050,129,0
8000,4100,130,0
8100,4150,131,0
8200,4200,132,0
8300,4250,133,0
8400,4300,134,0
8500,4350,135,0
8600,4400,136,0
8700,4450,137,0
8800,4500,138,0
8900,4550,139,0
9000,4600,140,0
9100,4650,141,0
9200,4700,142,0
9300,4750,143,0
9400,4800,144,0
9500,4850,145,0
9600,4900,146,0
9700,4950,147,0
9800,5000,148,0
9900,5050,149,0
10000,5100,150,0
10100,5150,151,0
10200,5200,152,0
10300,5250,153,0
10400,5300,154,0
10500,5350,155,0
10600,5400,156,0
10700,5450,157,0
10800,5500,158,0
10900,5550,159,0
11000,5600,160,0
11100,5650,161,0
11200,5700,162,0
11300,5750,163,0
11400,5800,164,0
11500,5850,165,0
11600,5900,166,0
11700,5950,167,0
11800,6000,168,0
11900,6050,169,0
12000,6100,170,0
12100,6150,171,0
12200,6200,172,0
12300,6250,173,0
12400,6300,174,1
12500,6350,175,1
12600,6400,176,1
12700,6450,177,1
12800,6500,178,1
12900,6550,179,1
13000,6600,180,1
13100,6650,181,1
13200,6700,182,1
13300,6750,183,1
13400,6800,184,1
13500,6850,185,1
13600,6900,186,1
13700,6950,187,1
13800,7000,188,1
13900,7050,189,1
14000,7100,190,1
14100,7150,191,1
14200,7200,192,1
14300,7250,193,1
14400,7300,194,1
14500,7350,195,1
14600,7400,196,1
14700,7450,197,1
14800,7500,198,1
14900,7550,199,1
15000,7600,200,1
15100,7650,201,1
15200,7700,202,1
15300,7750,203,1
15400,7800,204,1
15500,7850,205,1
15600,7900,206,1
15700,7950,207,1
15800,8000,208,1
15900,8050,209,1
16000,8100,210,1
16100,8150,211,1
16200,8200,212,1
16300,8250,213,1
16400,8300,214,1
16500,8350,215,1
16600,8400,216,1
16700,8450,217,1
16800,8500,218,1
16900,8550,219,1
17000,8600,220,1
17100,8650,221,1
17200,8700,222,1
35000,45000,1,1
35150,45060,1.4,1
35300,45120,1.8,1
35450,45180,2.2,1
35600,45240,2.6,1
35750,45300,3,1
35900,45360,3.4,1
36050,45420,3.8,1
36200,45480,4.2,1
36350,45540,4.6,1
36500,45600,5,1
36650,45660,5.4,1
36800,45720,5.8,1
36950,45780,6.2,1
37100,45840,6.6,1
37250,45900,7,1
37400,45960,7.4,1
37550,46020,7.8,1
37700,46080,8.2,1
37850,46140,8.6,1
38000,46200,9,1
38150,46260,9.4,1
38300,46320,9.8,1
38450,46380,10.2,1
38600,46440,10.6,1
38750,46500,11,1
38900,46560,11.4,1
39050,46620,11.8,1
39200,46680,12.2,1
39350,46740,12.6,1
39500,46800,13,1
39650,46860,13.4,1
39800,46920,13.8,1
39950,46980,14.2,1
40100,47040,14.6,1
40250,47100,15,1
40400,47160,15.4,1
40550,47220,15.8,1
40700,47280,16.2,1
40850,47340,16.6,1
41000,47400,17,1
41150,47460,17.4,1
41300,47520,17.8,1
41450,47580,18.2,1
41600,47640,18.6,1
41750,47700,19,1
41900,47760,19.4,1
42050,47820,19.8,1
42200,47880,20.2,1
42350,47940,20.6,1
42500,48000,21,1
42650,48060,21.4,1
42800,48120,21.8,1
42950,48180,22.2,1
43100,48240,22.6,1
43250,48300,23,1
43400,48360,23.4,1
43550,48420,23.8,1
43700,48480,24.2,1
43850,48540,24.6,1
44000,48600,25,1
44150,48660,25.4,1
44300,48720,25.8,1
44450,48780,26.2,1
44600,48840,26.6,1
44750,48900,27,1
44900,48960,27.4,1
45050,49020,27.8,1
45200,49080,28.2,1
45350,49140,28.6,1
45500,49200,29,1
45650,49260,29.4,1
45800,49320,29.8,1
45950,49380,30.2,1
46100,49440,30.6,1
46250,49500,31,1
46400,49560,31.4,1
46550,49620,31.8,2
46700,49680,32.2,2
46850,49740,32.6,2
47000,49800,33,2
47150,49860,33.4,2
47300,49920,33.8,2
47450,49980,34.2,2
47600,50040,34.6,2
47750,50100,35,2
47900,50160,35.4,2
48050,50220,35.8,2
48200,50280,36.2,2
48350,50340,36.6,2
48500,50400,37,2
48650,50460,37.4,2
48800,50520,37.8,2
48950,50580,38.2,2
49100,50640,38.6,2
49250,50700,39,2
49400,50760,39.4,2
49550,50820,39.8,2
49700,50880,40.2,2
49850,50940,40.6,2
50000,51000,41,2
50150,51060,41.4,2
50300,51120,41.8,2
50450,51180,42.2,2
50600,51240,42.6,2
50750,51300,43,2
50900,51360,43.4,2
51050,51420,43.8,2
51200,51480,44.2,2
51350,51540,44.6,2
51500,51600,45,2
51650,51660,45.1,2
51800,51720,45.2,2
51950,51780,45.3,2
52100,51840,45.4,2
44900,45000,45.5,2
45050,45060,45.6,2
45200,45120,45.7,2
45350,45180,45.8,2
45500,45240,45.9,2
45650,45300,46,2
45800,45360,46.1,2
45950,45420,46.2,2
46100,45480,46.3,2
46250,45540,46.4,2
46400,45600,46.5,2
46550,45660,46.6,2
46700,45720,46.7,2
46850,45780,46.8,2
47000,45840,46.9,2
47150,45900,47,2
47300,45960,47.1,2
47450,46020,47.2,2
47600,46080,47.3,2
47750,46140,47.4,2
47900,46200,47.5,2
48050,46260,47.6,2
48200,46320,47.7,2
48350,46380,47.8,2
48500,46440,47.9,2
48650,46500,48,2
48800,46560,48.1,2
48950,46620,48.2,2
49100,46680,48.3,2
49250,46740,48.4,2
49400,46800,48.5,2
49550,46860,48.6,2
49700,46920,48.7,2
49850,46980,48.8,2
50000,47040,48.9,2
50150,47100,49,2
50300,47160,49.1,2
50450,47220,49.2,2
50600,47280,49.3,2
50750,47340,49.4,2
50900,47400,49.5,2
51050,47460,49.6,2
51200,47520,49.7,2
51350,47580,49.8,2
51500,47640,49.9,2
51650,47700,50,2
51800,47760,50.1,2
51950,47820,50.2,2
52100,47880,50.3,2
52250,47940,50.4,2
52400,48000,50.5,1
52550,48060,50.6,1
52700,48120,50.7,1
52850,48180,50.8,1
53000,48240,50.9,1
53150,48300,51,1
53300,48360,51.1,1
53450,48420,51.2,1
53600,48480,51.3,1
53750,48540,51.4,1
53900,48600,51.5,1
54050,48660,51.6,1
54200,48720,51.7,1
54350,48780,51.8,1
54500,48840,51.9,1
54650,48900,52,1
54800,48960,52.1,1
54950,49020,52.2,1
55100,49080,52.3,1
55250,49140,52.4,1
55400,49200,52.5,1
55550,49260,52.6,1
55700,49320,52.7,1
55850,49380,52.8,1
56000,49440,52.9,1
56150,49500,53,1
56300,49560,53.1,1
56450,49620,53.2,1
56600,49680,53.3,1
56750,49740,53.4,1
56900,49800,53.5,1
57050,49860,53.6,1
57200,49920,53.7,1
57350,49980,53.8,1
57500,50040,53.9,1
57650,50100,54,1
57800,50160,54.1,1
57950,50220,54.2,1
58100,50280,54.3,1
58250,50340,54.4,1
58400,50400,54.5,1
58550,50460,54.6,1
58700,50520,54.7,1
58850,50580,54.8,1
59000,50640,54.9,1
59150,50700,55,1
59300,50760,55.1,1
59450,50820,55.2,1
59600,50880,55.3,1
59750,50940,55.4,1
59900,51000,55.5,1
60050,51060,55.6,1
60200,51120,55.7,1
60350,51180,55.8,1
60500,51240,55.9,1
60650,51300,56,1
60800,51360,56.1,1
60950,51420,56.2,1
61100,51480,56.3,1
61250,51540,56.4,1
61400,51600,56.5,1
61550,51660,56.6,1
61700,51720,56.7,1
61850,51780,56.8,1
62000,51840,56.9,1
62150,51900,57,1
62300,51960,57.1,1
62450,52020,57.2,1
62600,52080,57.3,1
62750,52140,57.4,1
62900,52200,57.5,1
63050,52260,57.6,1
63200,52320,57.7,1
63350,52380,57.8,1
63500,52440,57.9,1
63650,52500,58,1
63800,52560,58.1,1
63950,52620,58.2,1
64100,52680,58.3,1
64250,52740,58.4,1
64400,52800,58.5,1
64550,53340,58.6,1
64700,53400,58.7,1
64850,53460,58.8,1
65000,53520,58.9,1
65150,53580,59,1
65300,53640,59.1,1
65450,53700,59.2,1
65600,53760,59.3,1
65750,53820,59.4,1
65900,53880,59.5,1
66050,53940,59.6,1
66200,54000,59.7,1
66350,54060,59.8,1
66500,54120,59.9,1
66650,54180,60,1
66800,54240,60.1,1
66950,54300,60.2,1
67100,54360,60.3,1
67250,54420,60.4,1
67400,54480,60.5,1
67550,54540,60.6,1
67700,54600,60.7,1
67850,54660,60.8,1
68000,54720,60.9,1
68150,54780,61,1
68300,54840,61.1,1
68450,54900,61.2,1
68600,54960,61.3,1
68750,55020,61.4,1
68900,55080,61.5,1
69050,55140,61.6,1
69200,55200,61.7,1
69350,55260,61.8,1
69500,55320,61.9,1
69650,55380,62,1
69800,55440,62.1,1
69950,55500,62.2,1
70100,55560,62.3,1
70250,55620,62.4,1
70400,55680,62.5,1
70550,55740,62.6,1
70700,55800,62.7,1
70850,55860,62.8,1
71000,55920,62.9,1
71150,55980,63,1
71300,56040,63.1,1
71450,56100,63.2,1
71600,56160,63.3,1
71750,56220,63.4,1
71900,56280,63.5,1
72050,56340,63.6,1
72200,56400,63.7,1
72350,56460,63.8,1
72500,56520,63.9,1
72650,56580,64,1
72800,56640,64.1,1
72950,56700,64.2,1
73100,56760,64.3,1
73250,56820,64.4,1
73400,56880,64.5,1
73550,56940,64.6,1
73700,57000,64.7,1
73850,57060,64.8,1
74000,57120,64.9,1
74150,57180,65,1
74300,57240,65.1,1
74450,57300,65.2,1
74600,57360,65.3,1
74750,57420,65.4,1
74900,57480,65.5,1
75050,57540,65.6,1
75200,57600,65.7,1
75350,57660,65.8,1
75500,57720,65.9,1
75650,57780,66,1
75800,57840,66.1,1
75950,57900,66.2,1
76100,57960,66.3,1
76250,58020,66.4,1
76400,58080,66.5,1
76550,58140,66.6,1
76700,58200,66.7,1
76850,58260,66.8,1
77000,58320,66.9,1
77150,58380,67,1
77300,58440,67.1,1
77450,58500,67.2,1
77600,58560,67.3,1
77750,58620,67.4,1
77900,58680,67.5,1
78050,58740,67.6,1
78200,58800,67.7,1
78350,58860,67.8,1
78500,58920,67.9,1
78650,58980,68,1
78800,59040,68.1,1
78950,59100,68.2,1
79100,59160,68.3,1
79250,59220,68.4,1
79400,59280,68.5,1
79550,59340,68.6,1
79700,59400,68.7,1
79850,59460,68.8,1
80000,59520,68.9,1
80150,59580,69,1
80300,59640,69.1,1
80450,59700,69.2,1
80600,59760,69.3,1
80750,59820,69.4,1
80900,59880,69.5,1
81050,59940,69.6,1
81200,60000,69.7,1
81350,60060,69.8,1
81500,60120,69.9,1
81650,60180,70,1
81800,60240,70.1,1
81950,60300,70.2,1
82100,60360,70.3,1
82250,60420,70.4,1
82400,60480,70.5,1
82550,60540,70.6,1
82700,60600,70.7,1
82850,60660,70.8,1
83000,60720,70.9,1
83150,60780,71,1
83300,60840,71.1,1
83450,60900,71.2,1
83600,60960,71.3,1
83750,61020,71.4,1
83900,61080,71.5,1
84050,61140,71.6,1
84200,61200,71.7,1
84350,61260,71.8,1
84500,61320,71.9,1
84650,61380,72,1
84800,61440,72.1,1
84950,61500,72.2,1
85100,61560,72.3,1
85250,61620,72.4,1
85400,61680,72.5,1
85550,61740,72.6,1
85700,61800,72.7,1
85850,61860,72.8,1
86000,61920,72.9,1
86150,61980,73,1
86300,62040,73.1,1
86450,62100,73.2,1
86600,62160,73.3,1
86750,62220,73.4,1
86900,62280,73.5,1
87050,62340,73.6,1
87200,62400,73.7,1
87350,62460,73.8,1
87500,62520,73.9,1
87650,62580,74,1
87800,62640,74.1,1
87950,62700,74.2,1
88100,62760,74.3,1
88250,62820,74.4,1
88400,62880,74.5,1
88550,62940,74.6,1
88700,63000,74.7,1
88850,63060,74.8,1
89000,63120,74.9,1
89150,63180,75,1
89300,63240,75.1,1
89450,63300,75.2,1
89600,63360,75.3,1
89750,63420,75.4,1
89900,63480,75.5,1
90050,63540,75.6,1
90200,63600,75.7,1
90350,63660,75.8,1
90500,63720,75.9,1
90650,63780,76,1
90800,63840,76.1,1
90950,63900,76.2,1
91100,63960,76.3,1
91250,64020,76.4,1
91400,64080,76.5,1
91550,64140,76.6,1
91700,64200,76.7,1
91850,64260,76.8,1
92000,64320,76.9,1
92150,64380,77,1
92300,64440,77.1,1
92450,64500,77.2,1
92600,64560,77.3,1
92750,64620,77.4,1
92900,64680,77.5,1
93050,64740,77.6,1
93200,64800,77.7,1
93350,64860,77.8,1
93500,64920,77.9,1
93650,64980,78,1
93800,65040,78.1,1
93950,65100,78.2,1
94100,65160,78.3,1
94250,65220,78.4,1
94400,65280,78.5,1
94550,65340,78.6,1
94700,65400,78.7,1
94850,65460,78.8,1
95000,65520,78.9,1
95150,65580,79,1
95300,65640,79.1,1
95450,65700,79.2,1
95600,65760,79.3,1
95750,65820,79.4,1
95900,65880,79.5,1
96050,65940,79.6,1
96200,66000,79.7,1
96350,66060,79.8,1
96500,66120,79.9,1
96650,66180,80,1
96800,66240,80.1,1
96950,66300,80.2,1
97100,66360,80.3,1
97250,66420,80.4,1
97400,66480,80.5,1
97550,66540,80.6,1
97700,66600,80.7,1
97850,66660,80.8,1
98000,66720,80.9,1
98150,66780,81,1
98300,66840,81.1,1
98450,66900,81.2,1
98600,66960,81.3,1
98750,67020,81.4,1
98900,67080,81.5,1
99050,67140,81.6,1
99200,67200,81.7,1
99350,67260,81.8,1
99500,67320,81.9,1
99650,67380,82,1
99800,67440,82.1,1
99950,67500,82.2,1
100100,67560,82.3,1
100250,67620,82.4,1
100400,67680,82.5,1
100550,67740,82.6,1
100700,67800,82.7,1
100850,67860,82.8,1
101000,67920,82.9,1
101150,67980,83,1
101300,68040,83.1,1
101450,68100,83.2,1
101600,68160,83.3,1
101750,68220,83.4,1
101900,68280,83.5,1
102050,68340,83.6,1
102200,68400,83.7,1
102350,68460,83.8,1
102500,68520,83.9,1
102650,68580,84,1
102800,68640,84.1,1
102950,68700,84.2,1
103100,68760,84.3,1
103250,68820,84.4,1
103400,68880,84.5,1
103550,68940,84.6,1
103700,69000,84.7,1
103850,69060,84.8,1
104000,69120,84.9,1
104150,69180,85,1
104300,69240,85.1,1
104450,69300,85.2,1
104600,69360,85.3,1
104750,69420,85.4,1
104900,69480,85.5,1
105050,69540,85.6,1
105200,69600,85.7,1
105350,69660,85.8,1
105500,69720,85.9,1
105650,69780,86,1
105800,69840,86.1,1
105950,69900,86.2,1
106100,69960,86.3,1
106250,70020,86.4,1
106400,70080,86.5,1
106550,70140,86.6,1
106700,70200,86.7,1
106850,70260,86.8,1
107000,70320,86.9,1
107150,70380,87,1
107300,70440,87.1,1
107450,70500,87.2,1
107600,70560,87.3,1
107750,70620,87.4,1
107900,70680,87.5,1
108050,70740,87.6,1
108200,70800,87.7,1
108350,70860,87.8,1
108500,70920,87.9,1
108650,70980,88,1
108800,71040,88.1,1
108950,71100,88.2,1
109100,71160,88.3,1
109250,71220,88.4,1
109400,71280,88.5,1
109550,71340,88.6,1
109700,71400,88.7,1
109850,71460,88.8,1
110000,71520,88.9,1
110150,71580,89,1
110300,71640,89.1,1
110450,71700,89.2,1
110600,71760,89.3,1
110750,71820,89.4,1
110900,71880,89.5,1
111050,71940,89.6,1
111200,72000,89.7,1
111350,72060,89.8,1
111500,72120,89.9,1
111650,72180,90,1
111800,72240,90.1,1
111950,72300,90.2,1
112100,72360,90.3,1
112250,72420,90.4,1
112400,72480,90.5,1
112550,72540,90.6,1
112700,72600,90.7,1
112850,72660,90.8,1
113000,72720,90.9,1
113150,72780,91,1
113300,72840,91.1,1
113450,72900,91.2,1
113600,72960,91.3,1
113750,73020,91.4,1
113900,73080,91.5,1
114050,73140,91.6,1
114200,73200,91.7,1
114350,73260,91.8,1
114500,73320,91.9,1
114650,73380,92,1
114800,73440,92.1,1
114950,73500,92.2,1
115100,73560,92.3,1
115250,73620,92.4,1
115400,73680,92.5,1
115550,73740,92.6,1
115700,73800,92.7,1
115850,73860,92.8,1
116000,73920,92.9,1
116150,73980,93,1
116300,74040,93.1,1
116450,74100,93.2,1
116600,74160,93.3,1
116750,74220,93.4,1
116900,74280,93.5,1
117050,74340,93.6,1
117200,74400,93.7,1
117350,74460,93.8,1
117500,74520,93.9,1
117650,74580,94,1
117800,74640,94.1,1
117950,74700,94.2,1
118100,74760,94.3,1
118250,74820,94.4,1
118400,74880,94.5,1
118550,74940,94.6,1
118700,75000,94.7,1
118850,75060,94.8,1
119000,75120,94.9,1
119150,75180,95,1
119300,75240,95.1,1
119450,75300,95.2,1
119600,75360,95.3,1
119750,75420,95.4,1
119900,75480,95.5,1
120050,75540,95.6,1
120200,75600,95.7,1
120350,75660,95.8,1
120500,75720,95.9,1
120650,75780,96,1
120800,75840,96.1,1
120950,75900,96.2,1
121100,75960,96.3,1
121250,76020,96.4,1
121400,76080,96.5,1
121550,76140,96.6,1
121700,76200,96.7,1
121850,76260,96.8,1
122000,76320,96.9,1
122150,76380,97,1
122300,76440,97.1,1
122450,76500,97.2,1
122600,76560,97.3,1
122750,76620,97.4,1
122900,76680,97.5,1
123050,76740,97.6,1
123200,76800,97.7,1
123350,76860,97.8,1
123500,76920,97.9,1
123650,76980,98,1
123800,77040,98.1,1
123950,77100,98.2,1
124100,77160,98.3,1
124250,77220,98.4,1
124400,77280,98.5,1
124550,77340,98.6,1
124700,77400,98.7,1
124850,77460,98.8,1
125000,77520,98.9,1
125150,77580,99,1
125300,77640,99.1,1
125450,77700,99.2,1
125600,77760,99.3,1
125750,77820,99.4,1
125900,77880,99.5,1
126050,77940,99.6,1
126200,78000,99.7,1
126350,78060,99.8,1
126500,78120,99.9,1
126650,78180,100,1
126800,78240,100.1,1
126950,78300,100.2,1
127100,78360,100.3,1
127250,78420,100.4,1
127400,78480,100.5,1
127550,78540,100.6,1
127700,78600,100.7,1
127850,78660,100.8,1
128000,78720,100.9,1
128150,78780,101,1
128300,78840,101.1,1
128450,78900,101.2,1
128600,78960,101.3,1
128750,79020,101.4,1
128900,79080,101.5,1
129050,79140,101.6,1
129200,79200,101.7,1
129350,79260,101.8,1
129500,79320,101.9,1
129650,79380,102,1
129800,79440,102.1,1
129950,79500,102.2,1
130100,79560,102.3,1
130250,79620,102.4,1
130400,79680,102.5,1
130550,79740,102.6,1
130700,79800,102.7,1
130850,79860,102.8,1
131000,79920,102.9,1
131150,79980,103,1
131300,80040,103.1,1
131450,80100,103.2,1
131600,80160,103.3,1
131750,80220,103.4,1
131900,80280,103.5,1
132050,80340,103.6,1
132200,80400,103.7,1
132350,80460,103.8,1
132500,80520,103.9,1
132650,80580,104,1
132800,80640,104.1,1
132950,80700,104.2,1
133100,80760,104.3,1
133250,80820,104.4,1
133400,80880,104.5,1
133550,80940,104.6,1
133700,81000,104.7,1
133850,81060,104.8,1
134000,81120,104.9,1
134150,81180,105,1
134300,81240,105.1,1
134450,81300,105.2,1
134600,81360,105.3,1
134750,81420,105.4,1
134900,81480,105.5,1
135050,81540,105.6,1
135200,81600,105.7,1
135350,81660,105.8,1
135500,81720,105.9,1
135650,81780,106,1
135800,81840,106.1,1
135950,81900,106.2,1
136100,81960,106.3,1
136250,82020,106.4,1
136400,82080,106.5,1
136550,82140,106.6,1
136700,82200,106.7,1
136850,82260,106.8,1
137000,82320,106.9,1
137150,82380,107,1
137300,82440,107.1,1
137450,82500,107.2,1
137600,82560,107.3,1
137750,82620,107.4,1
137900,82680,107.5,1
138050,82740,107.6,1
138200,82800,107.7,1
138350,82860,107.8,1
138500,82920,107.9,1
138650,82980,108,1
138800,83040,108.1,1
138950,83100,108.2,1
139100,83160,108.3,1
139250,83220,108.4,1
139400,83280,108.5,1
139550,83340,108.6,1
139700,83400,108.7,1
139850,83460,108.8,1
140000,83520,108.9,1
140150,83580,109,1
140300,83640,109.1,1
140450,83700,109.2,1
140600,83760,109.3,1
140750,83820,109.4,1
140900,83880,109.5,1
141050,83940,109.6,1
141200,84000,109.7,1
141350,84060,109.8,1
141500,84120,109.9,1
141650,84180,110,1
141800,84240,110.1,1
141950,84300,110.2,1
142100,84360,110.3,1
142250,84420,110.4,1
142400,84480,110.5,1
142550,84540,110.6,1
142700,84600,110.7,1
142850,84660,110.8,1
143000,84720,110.9,1
143150,84780,111,1
143300,84840,111.1,1
143450,84900,111.2,1
143600,84960,111.3,1
143750,85020,111.4,1
143900,85080,111.5,1
144050,85140,111.6,1
144200,85200,111.7,1
144350,85260,111.8,1
144500,85320,111.9,1
144650,85380,112,1
144800,85440,112.1,1
144950,85500,112.2,1
145100,85560,112.3,1
145250,85620,112.4,1
145400,85680,112.5,1
145550,85740,112.6,1
145700,85800,112.7,1
145850,85860,112.8,1
146000,85920,112.9,1
146150,85980,113,1
146300,86040,113.1,1
146450,86100,113.2,1
146600,86160,113.3,1
146750,86220,113.4,1
146900,86280,113.5,1
147050,86340,113.6,1
147200,86400,113.7,1
147350,86460,113.8,1
147500,86520,113.9,1
147650,86580,114,1
147800,86640,114.1,1
147950,86700,114.2,1
148100,86760,114.3,1
148250,86820,114.4,1
148400,86880,114.5,1
148550,86940,114.6,1
148700,87000,114.7,1
148850,87060,114.8,1
149000,87120,114.9,1
149150,87180,115,1
149300,87240,115.1,1
149450,87300,115.2,1
149600,87360,115.3,1
149750,87420,115.4,1
149900,87480,115.5,1
150050,87540,115.6,1
150200,87600,115.7,1
150350,87660,115.8,1
150500,87720,115.9,1
150650,87780,116,1
150800,87840,116.1,1
150950,87900,116.2,1
151100,87960,116.3,1
151250,88020,116.4,1
151400,88080,116.5,1
151550,88140,116.6,1
151700,88200,116.7,1
151850,88260,116.8,1
152000,88320,116.9,2
152150,88380,117,2
152300,88440,117.1,2
152450,88500,117.2,2
152600,88560,117.3,2
152750,88620,117.4,2
152900,88680,117.5,2
153050,88740,117.6,2
153200,88800,117.7,2
153350,88860,117.8,2
153500,88920,117.9,2
153650,88980,118,2
153800,89040,118.1,2
153950,89100,118.2,2
154100,89160,118.3,2
154250,89220,118.4,2
154400,89280,118.5,2
154550,89340,118.6,2
154700,89400,118.7,2
154850,89460,118.8,2
155000,89520,118.9,2
155150,89580,119,2
155300,89640,119.1,2
155450,89700,119.2,2
155600,89760,119.3,2
155750,89820,119.4,2
155900,89880,119.5,2
156050,89940,119.6,2
156200,90000,119.7,2
156350,90060,119.8,2
156500,90120,119.9,2
156650,90180,120,2
156800,90240,120.1,2
156950,90300,120.2,2
157100,90360,120.3,2
157250,90420,120.4,2
157400,90480,120.5,2
157550,90540,120.6,2
157700,90600,120.7,2
157850,90660,120.8,2
158000,90720,120.9,2
158150,90780,121,2
158300,90840,121.1,2
158450,90900,121.2,2
158600,90960,121.3,2
158750,91020,121.4,2
158900,91080,121.5,2
159050,91140,121.6,2
159200,91200,121.7,2
159350,91260,121.8,2
159500,91320,121.9,2
159650,91380,122,2
159800,91440,122.1,2
159950,91500,122.2,2
160100,91560,122.3,2
160250,91620,122.4,2
160400,91680,122.5,2
160550,91740,122.6,2
160700,91800,122.7,2
160850,91860,122.8,2
161000,91920,122.9,2
161150,91980,123,2
161300,92040,123.1,2
161450,92100,123.2,2
161600,92160,123.3,2
161750,92220,123.4,2
161900,92280,123.5,2
162050,92340,123.6,2
162200,92400,123.7,1
162350,92460,123.8,1
162500,92520,123.9,1
162650,92580,124,3
162800,92640,124.1,3
162950,92700,124.2,3
163100,92760,124.3,3
163250,92820,124.4,3
163400,92880,124.5,3
163550,92940,124.6,3
163700,93000,124.7,3
163850,93060,124.8,3
164000,93120,124.9,3
164150,93180,125,3
164300,93240,125.1,3
164450,93300,125.2,3
164600,93360,125.3,3
164750,93420,125.4,3
164900,93480,125.5,3
165050,93540,125.6,3
165200,93600,125.7,3
165350,93660,125.8,3
165500,93720,125.9,3
165650,93780,126,3
165800,93840,126.1,3
165950,93900,126.2,3
166100,93960,126.3,3
166250,94020,126.4,3
166400,94080,126.5,3
166550,94140,126.6,3
166700,94200,126.7,3
166850,94260,126.8,3
167000,94320,126.9,3
167150,94380,127,3
167300,94440,127.1,3
167450,94500,127.2,3
167600,94560,127.3,3
167750,94620,127.4,3
167900,94680,127.5,3
168050,94740,127.6,3
168200,94800,127.7,3
168350,94860,127.8,3
168500,94920,127.9,3
168650,94980,128,3
168800,95040,128.1,3
168950,95100,128.2,3
169100,95160,128.3,3
169250,95220,128.4,3
169400,95280,128.5,3
169550,95340,128.6,3
169700,95400,128.7,3
169850,95460,128.8,3
170000,95520,128.9,3
170150,95580,129,3
170300,95640,129.1,3
170450,95700,129.2,3
170600,95760,129.3,3
170750,95820,129.4,3
170900,95880,129.5,3
171050,95940,129.6,3
171200,96000,129.7,3
171350,96060,129.8,3
171500,96120,129.9,3
171650,96180,130,3
171800,96240,130.1,3
171950,96300,130.2,1
172100,96360,130.3,1
172250,96420,130.4,1
172400,96480,130.5,1
172550,96540,130.6,1
172700,96600,130.7,1
172850,96660,130.8,1
173000,96720,130.9,1
173150,96780,131,2
173300,96840,131.1,2
173450,96900,131.2,2
173600,96960,131.3,2
173750,97020,131.4,2
173900,97080,131.5,2
174050,97140,131.6,2
174200,97200,131.7,2
174350,97260,131.8,2
174500,97320,131.9,2
174650,97380,132,2
174800,97440,132.1,2
174950,97500,132.2,2
175100,97560,132.3,2
175250,97620,132.4,2
175400,97680,132.5,2
175550,97740,132.6,2
175700,97800,132.7,2
175850,97860,132.8,2
176000,97920,132.9,2
176150,97980,133,2
176300,98040,133.1,2
176450,98100,133.2,2
176600,98160,133.3,2
176750,98220,133.4,2
176900,98280,133.5,2
177050,98340,133.6,2
177200,98400,133.7,2
177350,98460,133.8,2
177500,98520,133.9,2
177650,98580,134,2
177800,98640,134.1,2
177950,98700,134.2,2
178100,98760,134.3,2
178250,98820,134.4,2
178400,98880,134.5,2
178550,98940,134.6,2
178700,99000,134.7,2
178850,99060,134.8,2
179000,99120,134.9,3
179150,99180,135,3
179300,99240,135.1,3
179450,99300,135.2,3
179600,99360,135.3,3
179750,99420,135.4,3
179900,99480,135.5,3
180050,99540,135.6,3
180200,99600,135.7,3
180350,99660,135.8,3
180500,99720,135.9,3
180650,99780,136,3
180800,99840,136.1,3
180950,99900,136.2,3
181100,99960,136.3,3
181250,100020,136.4,3
181400,100080,136.5,3
181550,100140,136.6,3
181700,100200,136.7,3
181850,100260,136.8,3
182000,100320,136.9,3
182150,100380,137,3
182300,100440,137.1,3
182450,100500,137.2,3
182600,100560,137.3,3
182750,100620,137.4,3
182900,100680,137.5,3
183050,100740,137.6,3
183200,100800,137.7,3
183350,100860,137.8,3
183500,100920,137.9,3
183650,100980,138,3
183800,101040,138.1,3
183950,101100,138.2,4
184100,101160,138.3,4
184250,101220,138.4,4
184400,101280,138.5,4
184550,101340,138.6,4
184700,101400,138.7,4
184850,101460,138.8,4
185000,101520,138.9,4
185150,101580,139,4
185300,101640,139.1,4
185450,101700,139.2,4
185600,101760,139.3,4
185750,101820,139.4,4
185900,101880,139.5,4
186050,101940,139.6,4
186200,102000,139.7,4
186350,102060,139.8,4
186500,102120,139.9,4
186650,102180,140,4
186800,102240,140.1,4
186950,102300,140.2,4
187100,102360,140.3,4
187250,102420,140.4,4
187400,102480,140.5,4
187550,102540,140.6,4
187700,102600,140.7,4
187850,102660,140.8,4
188000,102720,140.9,4
188150,102780,141,4
188300,102840,141.1,4
188450,102900,141.2,4
188600,102960,141.3,4
188750,103020,141.4,4
188900,103080,141.5,4
189050,103140,141.6,4
189200,103200,141.7,4
189350,103260,141.8,4
189500,103320,141.9,4
189650,103380,142,4
189800,103440,142.1,4
189950,103500,142.2,4
